antecedents,consequents,antecedent support,consequent support,support,confidence,lift,representativity,leverage,conviction,zhangs_metric,jaccard,certainty,kulczynski
TEMP_COLD & TEMP_STABLE,HEATER_OFF,0.22716055639590188,0.5536065151964071,0.2233634038704446,0.9832842788127376,1.7761428953990732,1.0,0.09760583985403243,26.7050090033657,0.565424345855691,0.400721087436223,0.9625538414956547,0.6933769435851096
AT_SETPOINT & TEMP_COLD,HEATER_OFF,0.2239169928423285,0.5536065151964071,0.2200750074071764,0.9828419210780602,1.7753438482012265,1.0,0.09611310130647607,26.0165189141773,0.5627346941622302,0.39478984544373735,0.9615628822864897,0.6901857884142031
AT_SETPOINT & TEMP_COLD,HEATER_OFF & TEMP_STABLE,0.2239169928423285,0.5089743789667379,0.21901266237310338,0.9780975512087262,1.9217029218530586,1.0,0.10504465000107974,22.418754437581104,0.6180114755829046,0.4261952448146631,0.9553944888961504,0.7041997453031896
TEMP_COLD & TEMP_STABLE,AT_SETPOINT & HEATER_OFF,0.22716055639590188,0.5091342180360846,0.21901266237310338,0.9641315633661413,1.893668760047491,1.0,0.10335745012383397,13.685173596346615,0.61063723484087,0.4233911385440925,0.9269282195830559,0.6971492062640334
ACT_INCREASING & AT_SETPOINT & HEATER_ON & OO_WARM,TEMP_HOT & TEMP_STABLE,0.11951868947557191,0.46847466745676547,0.11135130288334087,0.9316643561934274,1.988718752395312,1.0,0.055359824576403906,7.778156507133272,0.5646499063590684,0.23361619466312242,0.8714348317518541,0.5846767076076047
TEMP_COLD,HEATER_OFF & TEMP_STABLE,0.24068645032513605,0.5089743789667379,0.2233634038704446,0.9280264990767437,1.8233265512513968,1.0,0.10086016729049986,6.822311194182865,0.5946843576181933,0.4244052755750948,0.8534221070342463,0.6834382472405074
OO_WARM & TEMP_NORMAL & TEMP_STABLE,HEATER_OFF,0.11991828714893882,0.5536065151964071,0.11049362982830944,0.9214076723016905,1.6643728840055212,1.0,0.04410608477146333,5.679860844905281,0.4535636797994613,0.1962478015814765,0.8239393486379196,0.5604982088643861
